alpha,beta,rho,initial_pheromone,clause_lr,conflict_driven_learning_rate,clause_weight_momentum,target_entropy,finishing_threshold,noise_std,quantum_burst_interval,Objective_Value,Method
3.599,1.9,0.14299999999999988,0.17005000000000023,0.2000000000000002,0.26926000000000005,0.8999900000000001,0.6989099999999998,0.9989999999999996,0.10000000000000006,100.00000000000001,2.02506333641468e-28,Powell
3.5990000000000006,1.9,0.14299999999999996,0.17005,0.2,0.26926,0.89999,0.69891,0.999,0.09999999999999999,100.0,0.0,Differential_Evolution
